{
    "schemaVersion": 1,
    "id": "xaeroworldmap",
    "version": "1.39.17",
    "name": "Xaero's World Map",
    "description": "A self-writing fullscreen map which also works as an add-on to Xaero's Minimap.",
    "authors": [
        "xaero96"
    ],
    "contact": {
		"issues": "https://www.curseforge.com/minecraft/mc-mods/xaeros-world-map/issues",
		"homepage": "https://www.curseforge.com/minecraft/mc-mods/xaeros-world-map"
    },
    "license": "All Rights Reserved",
    "icon": "assets/xaeroworldmap/icon.png",
    "environment": "*",
    "entrypoints": {
        "client": [
            "xaero.map.WorldMapFabric"
        ],
        "server": [
            "xaero.map.WorldMapFabric"
        ],
        "modmenu" : [
            "xaero.map.mods.XaeroWorldMapModMenu"
        ]
    },
    "mixins": [
        "xaeroworldmap.mixins.json",
        "xaeroworldmap.fabric.mixins.json"
    ],
    "depends": {
        "fabricloader": ">=0.13.0",
        "fabric-api": ">=0.43.1",
        "minecraft": ">1.21.8 <1.22"
    },
    "suggests": {
    },
    "breaks" : {
        "openpartiesandclaims": "<0.14.0",
        "xaerominimap": "<25.2.11",
        "xaerobetterpvp": "<25.2.11"
    }
}
  