{
  "required": true,
  "plugin": "xaero.map.mixin.plugin.MixinPlugin",
  "minVersion": "0.8",
  "package": "xaero.map.mixin",
  "compatibilityLevel": "JAVA_17",
  "mixins": [
    "MixinFabricMinecraftServer",
    "MixinFabricPlayerEntity",
    "MixinFabricPlayerList"
  ],
  "client": [
    "MixinFabricAbstractClientPlayerEntity",
    "MixinFabricChatListener",
    "MixinFabricClientPacketListener",
    "MixinFabricGameRenderer",
    "MixinFabricMinecraftClient",
    "MixinFabricPlayerClient",
    "MixinFabricSpriteAtlasTexture",
    "MixinFabricWorld",
    "MixinOptionalGui"
  ],
  "server": [],
  "injectors": {
    "defaultRequire": 1
  },
  "refmap": "xaeroworldmap.refmap.json"
}