{
  "mappings": {
    "xaero/map/mixin/MixinChatListener": {
      "Lnet/minecraft/client/gui/components/ChatComponent;addMessage(Lnet/minecraft/network/chat/Component;)V": "Lnet/minecraft/class_338;method_1812(Lnet/minecraft/class_2561;)V",
      "handleDisguisedChatMessage": "Lnet/minecraft/class_7594;method_45746(Lnet/minecraft/class_2561;Lnet/minecraft/class_2556$class_7602;)V",
      "handleSystemMessage": "Lnet/minecraft/class_7594;method_44736(Lnet/minecraft/class_2561;Z)V"
    },
    "xaero/map/mixin/MixinClientPlayNetworkHandler": {
      "Lnet/minecraft/network/protocol/PacketUtils;ensureRunningOnSameThread(Lnet/minecraft/network/protocol/Packet;Lnet/minecraft/network/PacketListener;Lnet/minecraft/network/PacketProcessor;)V": "Lnet/minecraft/class_2600;method_11074(Lnet/minecraft/class_2596;Lnet/minecraft/class_2547;Lnet/minecraft/class_11980;)V",
      "close": "Lnet/minecraft/class_634;method_47658()V",
      "handleBlockUpdate": "Lnet/minecraft/class_634;method_11136(Lnet/minecraft/class_2626;)V",
      "handleChunkBlocksUpdate": "Lnet/minecraft/class_634;method_11100(Lnet/minecraft/class_2637;)V",
      "handleLevelChunkWithLight": "Lnet/minecraft/class_634;method_11128(Lnet/minecraft/class_2672;)V",
      "handleLightUpdatePacket": "Lnet/minecraft/class_634;method_11143(Lnet/minecraft/class_2676;)V",
      "handleSetSpawn": "Lnet/minecraft/class_634;method_11142(Lnet/minecraft/class_2759;)V",
      "queueLightRemoval": "Lnet/minecraft/class_634;method_51684(Lnet/minecraft/class_2666;)V",
      "updateLevelChunk": "Lnet/minecraft/class_634;method_38539(IILnet/minecraft/class_6603;)V"
    },
    "xaero/map/mixin/MixinCompositeRenderType": {
      "net.minecraft.client.renderer.RenderType$CompositeRenderType": "net/minecraft/class_1921$class_4687"
    },
    "xaero/map/mixin/MixinFabricChatListener": {
      "Lnet/minecraft/client/gui/components/ChatComponent;addMessage(Lnet/minecraft/network/chat/Component;Lnet/minecraft/network/chat/MessageSignature;Lnet/minecraft/client/GuiMessageTag;)V": "Lnet/minecraft/class_338;method_44811(Lnet/minecraft/class_2561;Lnet/minecraft/class_7469;Lnet/minecraft/class_7591;)V",
      "showMessageToPlayer": "Lnet/minecraft/class_7594;method_44943(Lnet/minecraft/class_2556$class_7602;Lnet/minecraft/class_7471;Lnet/minecraft/class_2561;Lcom/mojang/authlib/GameProfile;ZLjava/time/Instant;)Z"
    },
    "xaero/map/mixin/MixinFabricClientPacketListener": {
      "Lnet/minecraft/network/protocol/PacketUtils;ensureRunningOnSameThread(Lnet/minecraft/network/protocol/Packet;Lnet/minecraft/network/PacketListener;Lnet/minecraft/network/PacketProcessor;)V": "Lnet/minecraft/class_2600;method_11074(Lnet/minecraft/class_2596;Lnet/minecraft/class_2547;Lnet/minecraft/class_11980;)V",
      "handleLogin": "Lnet/minecraft/class_634;method_11120(Lnet/minecraft/class_2678;)V"
    },
    "xaero/map/mixin/MixinFabricGameRenderer": {
      "render": "Lnet/minecraft/class_757;method_3192(Lnet/minecraft/class_9779;Z)V"
    },
    "xaero/map/mixin/MixinFabricMinecraftClient": {
      "Lnet/minecraft/client/renderer/GameRenderer;render(Lnet/minecraft/client/DeltaTracker;Z)V": "Lnet/minecraft/class_757;method_3192(Lnet/minecraft/class_9779;Z)V",
      "disconnect(Lnet/minecraft/client/gui/screens/Screen;Z)V": "Lnet/minecraft/class_310;method_18096(Lnet/minecraft/class_437;Z)V",
      "runTick": "Lnet/minecraft/class_310;method_1523(Z)V",
      "setLevel": "Lnet/minecraft/class_310;method_1481(Lnet/minecraft/class_638;)V",
      "setScreen": "Lnet/minecraft/class_310;method_1507(Lnet/minecraft/class_437;)V",
      "tick": "Lnet/minecraft/class_310;method_1574()V"
    },
    "xaero/map/mixin/MixinFabricMinecraftServer": {
      "tickServer": "Lnet/minecraft/server/MinecraftServer;method_3748(Ljava/util/function/BooleanSupplier;)V"
    },
    "xaero/map/mixin/MixinFabricPlayerEntity": {
      "tick": "Lnet/minecraft/class_1657;method_5773()V"
    },
    "xaero/map/mixin/MixinFabricPlayerList": {
      "placeNewPlayer": "Lnet/minecraft/class_3324;method_14570(Lnet/minecraft/class_2535;Lnet/minecraft/class_3222;Lnet/minecraft/class_8792;)V"
    },
    "xaero/map/mixin/MixinFabricSpriteAtlasTexture": {
      "upload": "Lnet/minecraft/class_1059;method_45848(Lnet/minecraft/class_7766$class_7767;)V"
    },
    "xaero/map/mixin/MixinFabricWorld": {
      "close": "Lnet/minecraft/class_1937;close()V"
    },
    "xaero/map/mixin/MixinForgeClientPacketListener": {
      "Lnet/minecraft/network/protocol/PacketUtils;ensureRunningOnSameThread(Lnet/minecraft/network/protocol/Packet;Lnet/minecraft/network/PacketListener;Lnet/minecraft/network/PacketProcessor;)V": "Lnet/minecraft/class_2600;method_11074(Lnet/minecraft/class_2596;Lnet/minecraft/class_2547;Lnet/minecraft/class_11980;)V",
      "handleLogin": "Lnet/minecraft/class_634;method_11120(Lnet/minecraft/class_2678;)V"
    },
    "xaero/map/mixin/MixinForgeMinecraftClient": {
      "Lnet/minecraft/client/renderer/GameRenderer;render(Lnet/minecraft/client/DeltaTracker;Z)V": "Lnet/minecraft/class_757;method_3192(Lnet/minecraft/class_9779;Z)V",
      "runTick": "Lnet/minecraft/class_310;method_1523(Z)V"
    },
    "xaero/map/mixin/MixinLevelStorageAccess": {
      "deleteLevel": "Lnet/minecraft/class_32$class_5143;method_27015()V"
    },
    "xaero/map/mixin/MixinMinecraftClient": {
      "runTick": "Lnet/minecraft/class_310;method_1523(Z)V"
    },
    "xaero/map/mixin/MixinOptionalGui": {
      "renderCrosshair": "Lnet/minecraft/class_329;method_1736(Lnet/minecraft/class_332;Lnet/minecraft/class_9779;)V"
    },
    "xaero/map/mixin/MixinPlayerList": {
      "sendLevelInfo": "Lnet/minecraft/class_3324;method_14606(Lnet/minecraft/class_3222;Lnet/minecraft/class_3218;)V"
    }
  },
  "data": {
    "named:intermediary": {
      "xaero/map/mixin/MixinChatListener": {
        "Lnet/minecraft/client/gui/components/ChatComponent;addMessage(Lnet/minecraft/network/chat/Component;)V": "Lnet/minecraft/class_338;method_1812(Lnet/minecraft/class_2561;)V",
        "handleDisguisedChatMessage": "Lnet/minecraft/class_7594;method_45746(Lnet/minecraft/class_2561;Lnet/minecraft/class_2556$class_7602;)V",
        "handleSystemMessage": "Lnet/minecraft/class_7594;method_44736(Lnet/minecraft/class_2561;Z)V"
      },
      "xaero/map/mixin/MixinClientPlayNetworkHandler": {
        "Lnet/minecraft/network/protocol/PacketUtils;ensureRunningOnSameThread(Lnet/minecraft/network/protocol/Packet;Lnet/minecraft/network/PacketListener;Lnet/minecraft/network/PacketProcessor;)V": "Lnet/minecraft/class_2600;method_11074(Lnet/minecraft/class_2596;Lnet/minecraft/class_2547;Lnet/minecraft/class_11980;)V",
        "close": "Lnet/minecraft/class_634;method_47658()V",
        "handleBlockUpdate": "Lnet/minecraft/class_634;method_11136(Lnet/minecraft/class_2626;)V",
        "handleChunkBlocksUpdate": "Lnet/minecraft/class_634;method_11100(Lnet/minecraft/class_2637;)V",
        "handleLevelChunkWithLight": "Lnet/minecraft/class_634;method_11128(Lnet/minecraft/class_2672;)V",
        "handleLightUpdatePacket": "Lnet/minecraft/class_634;method_11143(Lnet/minecraft/class_2676;)V",
        "handleSetSpawn": "Lnet/minecraft/class_634;method_11142(Lnet/minecraft/class_2759;)V",
        "queueLightRemoval": "Lnet/minecraft/class_634;method_51684(Lnet/minecraft/class_2666;)V",
        "updateLevelChunk": "Lnet/minecraft/class_634;method_38539(IILnet/minecraft/class_6603;)V"
      },
      "xaero/map/mixin/MixinCompositeRenderType": {
        "net.minecraft.client.renderer.RenderType$CompositeRenderType": "net/minecraft/class_1921$class_4687"
      },
      "xaero/map/mixin/MixinFabricChatListener": {
        "Lnet/minecraft/client/gui/components/ChatComponent;addMessage(Lnet/minecraft/network/chat/Component;Lnet/minecraft/network/chat/MessageSignature;Lnet/minecraft/client/GuiMessageTag;)V": "Lnet/minecraft/class_338;method_44811(Lnet/minecraft/class_2561;Lnet/minecraft/class_7469;Lnet/minecraft/class_7591;)V",
        "showMessageToPlayer": "Lnet/minecraft/class_7594;method_44943(Lnet/minecraft/class_2556$class_7602;Lnet/minecraft/class_7471;Lnet/minecraft/class_2561;Lcom/mojang/authlib/GameProfile;ZLjava/time/Instant;)Z"
      },
      "xaero/map/mixin/MixinFabricClientPacketListener": {
        "Lnet/minecraft/network/protocol/PacketUtils;ensureRunningOnSameThread(Lnet/minecraft/network/protocol/Packet;Lnet/minecraft/network/PacketListener;Lnet/minecraft/network/PacketProcessor;)V": "Lnet/minecraft/class_2600;method_11074(Lnet/minecraft/class_2596;Lnet/minecraft/class_2547;Lnet/minecraft/class_11980;)V",
        "handleLogin": "Lnet/minecraft/class_634;method_11120(Lnet/minecraft/class_2678;)V"
      },
      "xaero/map/mixin/MixinFabricGameRenderer": {
        "render": "Lnet/minecraft/class_757;method_3192(Lnet/minecraft/class_9779;Z)V"
      },
      "xaero/map/mixin/MixinFabricMinecraftClient": {
        "Lnet/minecraft/client/renderer/GameRenderer;render(Lnet/minecraft/client/DeltaTracker;Z)V": "Lnet/minecraft/class_757;method_3192(Lnet/minecraft/class_9779;Z)V",
        "disconnect(Lnet/minecraft/client/gui/screens/Screen;Z)V": "Lnet/minecraft/class_310;method_18096(Lnet/minecraft/class_437;Z)V",
        "runTick": "Lnet/minecraft/class_310;method_1523(Z)V",
        "setLevel": "Lnet/minecraft/class_310;method_1481(Lnet/minecraft/class_638;)V",
        "setScreen": "Lnet/minecraft/class_310;method_1507(Lnet/minecraft/class_437;)V",
        "tick": "Lnet/minecraft/class_310;method_1574()V"
      },
      "xaero/map/mixin/MixinFabricMinecraftServer": {
        "tickServer": "Lnet/minecraft/server/MinecraftServer;method_3748(Ljava/util/function/BooleanSupplier;)V"
      },
      "xaero/map/mixin/MixinFabricPlayerEntity": {
        "tick": "Lnet/minecraft/class_1657;method_5773()V"
      },
      "xaero/map/mixin/MixinFabricPlayerList": {
        "placeNewPlayer": "Lnet/minecraft/class_3324;method_14570(Lnet/minecraft/class_2535;Lnet/minecraft/class_3222;Lnet/minecraft/class_8792;)V"
      },
      "xaero/map/mixin/MixinFabricSpriteAtlasTexture": {
        "upload": "Lnet/minecraft/class_1059;method_45848(Lnet/minecraft/class_7766$class_7767;)V"
      },
      "xaero/map/mixin/MixinFabricWorld": {
        "close": "Lnet/minecraft/class_1937;close()V"
      },
      "xaero/map/mixin/MixinForgeClientPacketListener": {
        "Lnet/minecraft/network/protocol/PacketUtils;ensureRunningOnSameThread(Lnet/minecraft/network/protocol/Packet;Lnet/minecraft/network/PacketListener;Lnet/minecraft/network/PacketProcessor;)V": "Lnet/minecraft/class_2600;method_11074(Lnet/minecraft/class_2596;Lnet/minecraft/class_2547;Lnet/minecraft/class_11980;)V",
        "handleLogin": "Lnet/minecraft/class_634;method_11120(Lnet/minecraft/class_2678;)V"
      },
      "xaero/map/mixin/MixinForgeMinecraftClient": {
        "Lnet/minecraft/client/renderer/GameRenderer;render(Lnet/minecraft/client/DeltaTracker;Z)V": "Lnet/minecraft/class_757;method_3192(Lnet/minecraft/class_9779;Z)V",
        "runTick": "Lnet/minecraft/class_310;method_1523(Z)V"
      },
      "xaero/map/mixin/MixinLevelStorageAccess": {
        "deleteLevel": "Lnet/minecraft/class_32$class_5143;method_27015()V"
      },
      "xaero/map/mixin/MixinMinecraftClient": {
        "runTick": "Lnet/minecraft/class_310;method_1523(Z)V"
      },
      "xaero/map/mixin/MixinOptionalGui": {
        "renderCrosshair": "Lnet/minecraft/class_329;method_1736(Lnet/minecraft/class_332;Lnet/minecraft/class_9779;)V"
      },
      "xaero/map/mixin/MixinPlayerList": {
        "sendLevelInfo": "Lnet/minecraft/class_3324;method_14606(Lnet/minecraft/class_3222;Lnet/minecraft/class_3218;)V"
      }
    }
  }
}